-- phpMyAdmin SQL Dump
-- version 5.0.2
-- https://www.phpmyadmin.net/
--
-- Hôte : 127.0.0.1:3306
-- Généré le : mer. 21 avr. 2021 à 17:19
-- Version du serveur :  10.5.4-MariaDB
-- Version de PHP : 7.3.21

SET SQL_MODE = "NO_AUTO_VALUE_ON_ZERO";
START TRANSACTION;
SET time_zone = "+00:00";


/*!40101 SET @OLD_CHARACTER_SET_CLIENT=@@CHARACTER_SET_CLIENT */;
/*!40101 SET @OLD_CHARACTER_SET_RESULTS=@@CHARACTER_SET_RESULTS */;
/*!40101 SET @OLD_COLLATION_CONNECTION=@@COLLATION_CONNECTION */;
/*!40101 SET NAMES utf8mb4 */;

--
-- Base de données : `gsb_frais`
--

-- --------------------------------------------------------

--
-- Structure de la table `etat`
--

DROP TABLE IF EXISTS `etat`;
CREATE TABLE IF NOT EXISTS `etat` (
  `id` char(2) NOT NULL,
  `libelle` varchar(30) DEFAULT NULL,
  PRIMARY KEY (`id`)
) ENGINE=InnoDB DEFAULT CHARSET=latin1;

--
-- Déchargement des données de la table `etat`
--

INSERT INTO `etat` (`id`, `libelle`) VALUES
('CL', 'Saisie clôturée'),
('CR', 'Fiche créée, saisie en cours'),
('RB', 'Remboursée'),
('VA', 'Validée et mise en paiement');

-- --------------------------------------------------------

--
-- Structure de la table `fichefrais`
--

DROP TABLE IF EXISTS `fichefrais`;
CREATE TABLE IF NOT EXISTS `fichefrais` (
  `idvisiteur` char(4) NOT NULL,
  `mois` char(6) NOT NULL,
  `nbjustificatifs` int(11) DEFAULT NULL,
  `montantvalide` decimal(10,2) DEFAULT NULL,
  `datemodif` date DEFAULT NULL,
  `idetat` char(2) DEFAULT 'CR',
  PRIMARY KEY (`idvisiteur`,`mois`),
  KEY `idetat` (`idetat`)
) ENGINE=InnoDB DEFAULT CHARSET=latin1;

--
-- Déchargement des données de la table `fichefrais`
--

INSERT INTO `fichefrais` (`idvisiteur`, `mois`, `nbjustificatifs`, `montantvalide`, `datemodif`, `idetat`) VALUES
('a131', '201609', 8, '0.00', '2016-11-01', 'RB'),
('a131', '201610', 5, '0.00', '2016-12-07', 'RB'),
('a131', '201611', 7, '0.00', '2017-01-05', 'RB'),
('a131', '201612', 7, '0.00', '2017-02-05', 'VA'),
('a131', '201701', 4, '0.00', '2017-03-04', 'RB'),
('a131', '201702', 1, '0.00', '2017-04-03', 'VA'),
('a131', '201703', 5, '0.00', '2017-05-01', 'RB'),
('a131', '201704', 9, '0.00', '2017-06-05', 'VA'),
('a131', '201705', 7, '0.00', '2017-07-05', 'VA'),
('a131', '201706', 1, '0.00', '2017-08-05', 'RB'),
('a131', '201707', 0, '0.00', '2017-09-03', 'VA'),
('a131', '201708', 6, '0.00', '2017-10-07', 'RB'),
('a131', '201709', 5, '0.00', '2017-11-01', 'RB'),
('a131', '201710', 6, '0.00', '2017-12-05', 'RB'),
('a131', '201711', 3, '0.00', '2018-01-07', 'RB'),
('a131', '201712', 7, '0.00', '2018-02-03', 'RB'),
('a131', '201801', 9, '0.00', '2018-03-07', 'RB'),
('a131', '201802', 4, '0.00', '2018-04-01', 'RB'),
('a131', '201803', 10, '0.00', '2018-05-01', 'RB'),
('a131', '201804', 5, '0.00', '2018-06-08', 'RB'),
('a131', '201805', 3, '0.00', '2018-07-02', 'RB'),
('a131', '201806', 6, '0.00', '2018-08-03', 'RB'),
('a131', '201807', 1, '0.00', '2018-09-05', 'RB'),
('a131', '201808', 10, '0.00', '2018-10-06', 'RB'),
('a131', '201809', 5, '0.00', '2018-11-04', 'RB'),
('a131', '201810', 9, '0.00', '2018-12-06', 'RB'),
('a131', '201811', 0, '0.00', '2019-01-05', 'RB'),
('a131', '201812', 2, '0.00', '2019-02-05', 'RB'),
('a131', '201901', 9, '0.00', '2019-03-04', 'RB'),
('a131', '201902', 5, '0.00', '2019-04-01', 'RB'),
('a131', '201903', 10, '0.00', '2019-05-08', 'RB'),
('a131', '201904', 8, '0.00', '2019-06-02', 'RB'),
('a131', '201905', 3, '0.00', '2019-07-01', 'RB'),
('a131', '201906', 4, '0.00', '2019-08-03', 'RB'),
('a131', '201907', 9, '0.00', '2019-09-06', 'RB'),
('a131', '201908', 6, '0.00', '2019-10-01', 'RB'),
('a131', '201909', 2, '0.00', '2019-11-07', 'RB'),
('a131', '201910', 0, '0.00', '2019-12-03', 'RB'),
('a131', '201911', 3, '0.00', '2020-01-06', 'RB'),
('a131', '201912', 9, '0.00', '2020-02-05', 'RB'),
('a131', '202001', 5, '0.00', '2020-03-02', 'RB'),
('a131', '202002', 5, '0.00', '2020-04-02', 'RB'),
('a131', '202003', 1, '0.00', '2020-05-06', 'RB'),
('a131', '202004', 6, '0.00', '2020-06-05', 'RB'),
('a131', '202005', 2, '0.00', '2020-07-01', 'RB'),
('a131', '202006', 5, '0.00', '2020-08-04', 'RB'),
('a131', '202007', 10, '0.00', '2020-09-03', 'RB'),
('a131', '202008', 3, '0.00', '2020-10-06', 'RB'),
('a131', '202009', 7, '0.00', '2020-11-04', 'RB'),
('a131', '202010', 0, '0.00', '2020-12-02', 'RB'),
('a131', '202011', 11, '0.00', '2021-01-03', 'RB'),
('a131', '202012', 0, '0.00', '2021-02-03', 'RB'),
('a131', '202101', 7, '0.00', '2021-03-06', 'RB'),
('a131', '202102', 11, '0.00', '2021-03-06', 'VA'),
('a131', '202103', 4, '0.00', '2021-04-06', 'CL'),
('a131', '202104', 0, '0.00', '2021-04-21', 'CR'),
('a131', '202109', 5, '0.00', '2018-11-04', 'CL'),
('a17', '201609', 12, '0.00', '2016-11-02', 'RB'),
('a17', '201610', 8, '0.00', '2016-12-07', 'RB'),
('a17', '201611', 2, '0.00', '2017-01-04', 'RB'),
('a17', '201612', 7, '0.00', '2017-02-07', 'RB'),
('a17', '201701', 12, '0.00', '2017-03-02', 'RB'),
('a17', '201702', 10, '0.00', '2017-04-07', 'RB'),
('a17', '201703', 11, '0.00', '2017-05-01', 'RB'),
('a17', '201704', 10, '0.00', '2017-06-01', 'RB'),
('a17', '201705', 0, '0.00', '2017-07-06', 'RB'),
('a17', '201706', 4, '0.00', '2017-08-05', 'RB'),
('a17', '201707', 10, '0.00', '2017-09-01', 'RB'),
('a17', '201708', 12, '0.00', '2017-10-04', 'RB'),
('a17', '201709', 9, '0.00', '2017-11-02', 'RB'),
('a17', '201710', 5, '0.00', '2017-12-05', 'RB'),
('a17', '201711', 12, '0.00', '2018-01-08', 'RB'),
('a17', '201712', 6, '0.00', '2018-02-07', 'RB'),
('a17', '201801', 7, '0.00', '2018-03-06', 'RB'),
('a17', '201802', 7, '0.00', '2018-04-07', 'RB'),
('a17', '201803', 0, '0.00', '2018-05-01', 'RB'),
('a17', '201804', 0, '0.00', '2018-06-07', 'RB'),
('a17', '201805', 1, '0.00', '2018-07-04', 'RB'),
('a17', '201806', 7, '0.00', '2018-08-07', 'RB'),
('a17', '201807', 9, '0.00', '2018-09-02', 'RB'),
('a17', '201808', 12, '0.00', '2018-10-05', 'RB'),
('a17', '201809', 9, '0.00', '2018-11-01', 'RB'),
('a17', '201810', 11, '0.00', '2018-12-01', 'RB'),
('a17', '201811', 6, '0.00', '2019-01-07', 'RB'),
('a17', '201812', 1, '0.00', '2019-02-08', 'RB'),
('a17', '201901', 10, '0.00', '2019-03-07', 'RB'),
('a17', '201902', 3, '0.00', '2019-04-07', 'RB'),
('a17', '201903', 10, '0.00', '2019-05-03', 'RB'),
('a17', '201904', 2, '0.00', '2019-06-04', 'RB'),
('a17', '201905', 12, '0.00', '2019-07-03', 'RB'),
('a17', '201906', 10, '0.00', '2019-08-04', 'RB'),
('a17', '201907', 11, '0.00', '2019-09-03', 'RB'),
('a17', '201908', 12, '0.00', '2019-10-04', 'RB'),
('a17', '201909', 0, '0.00', '2019-11-04', 'RB'),
('a17', '201910', 0, '0.00', '2019-12-05', 'RB'),
('a17', '201911', 2, '0.00', '2020-01-01', 'RB'),
('a17', '201912', 4, '0.00', '2020-02-01', 'RB'),
('a17', '202001', 7, '0.00', '2020-03-05', 'RB'),
('a17', '202002', 1, '0.00', '2020-04-04', 'RB'),
('a17', '202003', 4, '0.00', '2020-05-04', 'RB'),
('a17', '202004', 2, '0.00', '2020-06-04', 'RB'),
('a17', '202005', 1, '0.00', '2020-07-02', 'RB'),
('a17', '202006', 5, '0.00', '2020-08-08', 'RB'),
('a17', '202007', 9, '0.00', '2020-09-03', 'RB'),
('a17', '202008', 6, '0.00', '2020-10-04', 'RB'),
('a17', '202009', 2, '0.00', '2020-11-05', 'RB'),
('a17', '202010', 11, '0.00', '2020-12-08', 'RB'),
('a17', '202011', 6, '0.00', '2021-01-02', 'RB'),
('a17', '202012', 0, '0.00', '2021-02-07', 'RB'),
('a17', '202101', 6, '0.00', '2021-03-03', 'RB'),
('a17', '202102', 3, '0.00', '2021-03-02', 'VA'),
('a17', '202103', 7, '0.00', '2021-04-06', 'CL'),
('a17', '202104', 0, '0.00', '2021-04-14', 'CR'),
('a55', '201609', 7, '0.00', '2016-11-06', 'RB'),
('a55', '201610', 11, '0.00', '2016-12-05', 'RB'),
('a55', '201611', 11, '0.00', '2017-01-02', 'RB'),
('a55', '201612', 7, '0.00', '2017-02-01', 'RB'),
('a55', '201701', 0, '0.00', '2017-03-04', 'RB'),
('a55', '201702', 5, '0.00', '2017-04-02', 'RB'),
('a55', '201703', 10, '0.00', '2017-05-07', 'RB'),
('a55', '201704', 4, '0.00', '2017-06-07', 'RB'),
('a55', '201705', 5, '0.00', '2017-07-04', 'RB'),
('a55', '201706', 4, '0.00', '2017-08-04', 'RB'),
('a55', '201707', 5, '0.00', '2017-09-07', 'RB'),
('a55', '201708', 2, '0.00', '2017-10-07', 'RB'),
('a55', '201709', 5, '0.00', '2017-11-08', 'RB'),
('a55', '201710', 5, '0.00', '2017-12-03', 'RB'),
('a55', '201711', 4, '0.00', '2018-01-08', 'RB'),
('a55', '201712', 3, '0.00', '2018-02-02', 'RB'),
('a55', '201801', 4, '0.00', '2018-03-02', 'RB'),
('a55', '201802', 4, '0.00', '2018-04-04', 'RB'),
('a55', '201803', 5, '0.00', '2018-05-05', 'RB'),
('a55', '201804', 10, '0.00', '2018-06-08', 'RB'),
('a55', '201805', 3, '0.00', '2018-07-03', 'RB'),
('a55', '201806', 11, '0.00', '2018-08-02', 'RB'),
('a55', '201807', 3, '0.00', '2018-09-08', 'RB'),
('a55', '201808', 4, '0.00', '2018-10-04', 'RB'),
('a55', '201809', 11, '0.00', '2018-11-03', 'RB'),
('a55', '201810', 1, '0.00', '2018-12-04', 'RB'),
('a55', '201811', 2, '0.00', '2019-01-04', 'RB'),
('a55', '201812', 6, '0.00', '2019-02-05', 'RB'),
('a55', '201901', 8, '0.00', '2019-03-03', 'RB'),
('a55', '201902', 2, '0.00', '2019-04-04', 'RB'),
('a55', '201903', 4, '0.00', '2019-05-04', 'RB'),
('a55', '201904', 5, '0.00', '2019-06-07', 'RB'),
('a55', '201905', 10, '0.00', '2019-07-01', 'RB'),
('a55', '201906', 12, '0.00', '2019-08-07', 'RB'),
('a55', '201907', 3, '0.00', '2019-09-03', 'RB'),
('a55', '201908', 5, '0.00', '2019-10-05', 'RB'),
('a55', '201909', 5, '0.00', '2019-11-06', 'RB'),
('a55', '201910', 4, '0.00', '2019-12-07', 'RB'),
('a55', '201911', 7, '0.00', '2020-01-01', 'RB'),
('a55', '201912', 1, '0.00', '2020-02-07', 'RB'),
('a55', '202001', 10, '0.00', '2020-03-02', 'RB'),
('a55', '202002', 4, '0.00', '2020-04-08', 'RB'),
('a55', '202003', 5, '0.00', '2020-05-04', 'RB'),
('a55', '202004', 6, '0.00', '2020-06-07', 'RB'),
('a55', '202005', 8, '0.00', '2020-07-07', 'RB'),
('a55', '202006', 7, '0.00', '2020-08-01', 'RB'),
('a55', '202007', 0, '0.00', '2020-09-05', 'RB'),
('a55', '202008', 12, '0.00', '2020-10-01', 'RB'),
('a55', '202009', 10, '0.00', '2020-11-08', 'RB'),
('a55', '202010', 10, '0.00', '2020-12-02', 'RB'),
('a55', '202011', 8, '0.00', '2021-01-01', 'RB'),
('a55', '202012', 6, '0.00', '2021-02-04', 'RB'),
('a55', '202101', 10, '0.00', '2021-03-08', 'RB'),
('a55', '202102', 10, '0.00', '2021-03-07', 'VA'),
('a55', '202103', 4, '0.00', '2021-04-06', 'CL'),
('a93', '201609', 8, '0.00', '2016-11-03', 'RB'),
('a93', '201610', 10, '0.00', '2016-12-04', 'RB'),
('a93', '201611', 12, '0.00', '2017-01-01', 'RB'),
('a93', '201612', 10, '0.00', '2017-02-01', 'RB'),
('a93', '201701', 4, '0.00', '2017-03-08', 'RB'),
('a93', '201702', 9, '0.00', '2017-04-05', 'RB'),
('a93', '201703', 1, '0.00', '2017-05-02', 'RB'),
('a93', '201704', 12, '0.00', '2017-06-01', 'RB'),
('a93', '201705', 0, '0.00', '2017-07-04', 'RB'),
('a93', '201706', 10, '0.00', '2017-08-05', 'RB'),
('a93', '201707', 2, '0.00', '2017-09-06', 'RB'),
('a93', '201708', 3, '0.00', '2017-10-04', 'RB'),
('a93', '201709', 8, '0.00', '2017-11-05', 'RB'),
('a93', '201710', 1, '0.00', '2017-12-07', 'RB'),
('a93', '201711', 8, '0.00', '2018-01-04', 'RB'),
('a93', '201712', 4, '0.00', '2018-02-04', 'RB'),
('a93', '201801', 9, '0.00', '2018-03-02', 'RB'),
('a93', '201802', 12, '0.00', '2018-04-03', 'RB'),
('a93', '201803', 5, '0.00', '2018-05-03', 'RB'),
('a93', '201804', 2, '0.00', '2018-06-03', 'RB'),
('a93', '201805', 7, '0.00', '2018-07-01', 'RB'),
('a93', '201806', 1, '0.00', '2018-08-08', 'RB'),
('a93', '201807', 9, '0.00', '2018-09-08', 'RB'),
('a93', '201808', 6, '0.00', '2018-10-04', 'RB'),
('a93', '201809', 7, '0.00', '2018-11-04', 'RB'),
('a93', '201810', 1, '0.00', '2018-12-08', 'RB'),
('a93', '201811', 6, '0.00', '2019-01-07', 'RB'),
('a93', '201812', 10, '0.00', '2019-02-01', 'RB'),
('a93', '201901', 0, '0.00', '2019-03-05', 'RB'),
('a93', '201902', 0, '0.00', '2019-04-03', 'RB'),
('a93', '201903', 0, '0.00', '2019-05-04', 'RB'),
('a93', '201904', 0, '0.00', '2019-06-03', 'RB'),
('a93', '201905', 10, '0.00', '2019-07-05', 'RB'),
('a93', '201906', 3, '0.00', '2019-08-04', 'RB'),
('a93', '201907', 12, '0.00', '2019-09-05', 'RB'),
('a93', '201908', 0, '0.00', '2019-10-08', 'RB'),
('a93', '201909', 4, '0.00', '2019-11-07', 'RB'),
('a93', '201910', 9, '0.00', '2019-12-01', 'RB'),
('a93', '201911', 9, '0.00', '2020-01-04', 'RB'),
('a93', '201912', 10, '0.00', '2020-02-05', 'RB'),
('a93', '202001', 9, '0.00', '2020-03-03', 'RB'),
('a93', '202002', 9, '0.00', '2020-04-06', 'RB'),
('a93', '202003', 4, '0.00', '2020-05-01', 'RB'),
('a93', '202004', 8, '0.00', '2020-06-08', 'RB'),
('a93', '202005', 12, '0.00', '2020-07-02', 'RB'),
('a93', '202006', 4, '0.00', '2020-08-06', 'RB'),
('a93', '202007', 1, '0.00', '2020-09-04', 'RB'),
('a93', '202008', 12, '0.00', '2020-10-08', 'RB'),
('a93', '202009', 12, '0.00', '2020-11-04', 'RB'),
('a93', '202010', 10, '0.00', '2020-12-03', 'RB'),
('a93', '202011', 1, '0.00', '2021-01-02', 'RB'),
('a93', '202012', 3, '0.00', '2021-02-02', 'RB'),
('a93', '202101', 5, '0.00', '2021-03-08', 'RB'),
('a93', '202102', 1, '0.00', '2021-03-07', 'VA'),
('a93', '202103', 8, '0.00', '2021-04-06', 'CL'),
('b13', '201609', 8, '0.00', '2016-11-05', 'RB'),
('b13', '201610', 7, '0.00', '2016-12-03', 'RB'),
('b13', '201611', 1, '0.00', '2017-01-02', 'RB'),
('b13', '201612', 0, '0.00', '2017-02-01', 'RB'),
('b13', '201701', 4, '0.00', '2017-03-01', 'RB'),
('b13', '201702', 6, '0.00', '2017-04-08', 'RB'),
('b13', '201703', 5, '0.00', '2017-05-04', 'RB'),
('b13', '201704', 6, '0.00', '2017-06-01', 'RB'),
('b13', '201705', 6, '0.00', '2017-07-05', 'RB'),
('b13', '201706', 6, '0.00', '2017-08-04', 'RB'),
('b13', '201707', 0, '0.00', '2017-09-04', 'RB'),
('b13', '201708', 0, '0.00', '2017-10-08', 'RB'),
('b13', '201709', 7, '0.00', '2017-11-06', 'RB'),
('b13', '201710', 8, '0.00', '2017-12-08', 'RB'),
('b13', '201711', 0, '0.00', '2018-01-08', 'RB'),
('b13', '201712', 2, '0.00', '2018-02-08', 'RB'),
('b13', '201801', 9, '0.00', '2018-03-01', 'RB'),
('b13', '201802', 3, '0.00', '2018-04-07', 'RB'),
('b13', '201803', 3, '0.00', '2018-05-07', 'RB'),
('b13', '201804', 9, '0.00', '2018-06-06', 'RB'),
('b13', '201805', 5, '0.00', '2018-07-06', 'RB'),
('b13', '201806', 12, '0.00', '2018-08-02', 'RB'),
('b13', '201807', 5, '0.00', '2018-09-05', 'RB'),
('b13', '201808', 3, '1301.86', '2021-04-05', 'RB'),
('b13', '201809', 11, '0.00', '2021-04-05', 'CL'),
('b13', '201810', 9, '0.00', '2018-12-05', 'RB'),
('b13', '201811', 12, '0.00', '2019-01-03', 'RB'),
('b13', '201812', 6, '0.00', '2019-02-01', 'RB'),
('b13', '201901', 1, '0.00', '2019-03-03', 'RB'),
('b13', '201902', 10, '0.00', '2019-04-03', 'RB'),
('b13', '201903', 3, '0.00', '2019-05-07', 'RB'),
('b13', '201904', 11, '0.00', '2019-06-08', 'RB'),
('b13', '201905', 0, '0.00', '2019-07-02', 'RB'),
('b13', '201906', 6, '0.00', '2019-08-06', 'RB'),
('b13', '201907', 9, '0.00', '2019-09-02', 'RB'),
('b13', '201908', 12, '0.00', '2019-10-02', 'RB'),
('b13', '201909', 4, '0.00', '2019-11-01', 'RB'),
('b13', '201910', 4, '0.00', '2019-12-01', 'RB'),
('b13', '201911', 4, '0.00', '2020-01-02', 'RB'),
('b13', '201912', 2, '0.00', '2020-02-06', 'RB'),
('b13', '202001', 10, '0.00', '2020-03-03', 'RB'),
('b13', '202002', 3, '0.00', '2020-04-07', 'RB'),
('b13', '202003', 6, '0.00', '2020-05-05', 'RB'),
('b13', '202004', 9, '0.00', '2020-06-02', 'RB'),
('b13', '202005', 12, '0.00', '2020-07-08', 'RB'),
('b13', '202006', 4, '0.00', '2020-08-06', 'RB'),
('b13', '202007', 2, '0.00', '2020-09-03', 'RB'),
('b13', '202008', 4, '0.00', '2020-10-05', 'RB'),
('b13', '202009', 0, '0.00', '2020-11-08', 'RB'),
('b13', '202010', 11, '0.00', '2020-12-05', 'RB'),
('b13', '202011', 5, '0.00', '2021-01-02', 'RB'),
('b13', '202012', 5, '0.00', '2021-02-05', 'RB'),
('b13', '202101', 4, '0.00', '2021-03-02', 'RB'),
('b13', '202102', 7, '0.00', '2021-03-06', 'VA'),
('b13', '202103', 10, '0.00', '2021-04-06', 'CL'),
('b13', '202104', 0, '0.00', '2021-04-05', 'VA'),
('b16', '201609', 11, '0.00', '2016-11-06', 'RB'),
('b16', '201610', 10, '0.00', '2016-12-03', 'RB'),
('b16', '201611', 2, '0.00', '2017-01-05', 'RB'),
('b16', '201612', 11, '0.00', '2017-02-06', 'RB'),
('b16', '201701', 6, '0.00', '2017-03-04', 'RB'),
('b16', '201702', 4, '0.00', '2017-04-03', 'RB'),
('b16', '201703', 8, '0.00', '2017-05-08', 'RB'),
('b16', '201704', 5, '0.00', '2017-06-03', 'RB'),
('b16', '201705', 0, '0.00', '2017-07-01', 'RB'),
('b16', '201706', 1, '0.00', '2017-08-01', 'RB'),
('b16', '201707', 10, '0.00', '2017-09-01', 'RB'),
('b16', '201708', 7, '0.00', '2017-10-08', 'RB'),
('b16', '201709', 1, '0.00', '2017-11-07', 'RB'),
('b16', '201710', 2, '0.00', '2017-12-02', 'RB'),
('b16', '201711', 0, '0.00', '2018-01-06', 'RB'),
('b16', '201712', 1, '0.00', '2018-02-01', 'RB'),
('b16', '201801', 4, '0.00', '2018-03-06', 'RB'),
('b16', '201802', 10, '0.00', '2018-04-06', 'RB'),
('b16', '201803', 9, '0.00', '2018-05-03', 'RB'),
('b16', '201804', 5, '0.00', '2018-06-07', 'RB'),
('b16', '201805', 6, '0.00', '2018-07-06', 'RB'),
('b16', '201806', 6, '0.00', '2018-08-07', 'RB'),
('b16', '201807', 12, '0.00', '2018-09-07', 'RB'),
('b16', '201808', 1, '0.00', '2018-10-02', 'RB'),
('b16', '201809', 3, '0.00', '2018-11-04', 'RB'),
('b16', '201810', 7, '0.00', '2018-12-04', 'RB'),
('b16', '201811', 8, '0.00', '2019-01-02', 'RB'),
('b16', '201812', 10, '0.00', '2019-02-07', 'RB'),
('b16', '201901', 6, '0.00', '2019-03-01', 'RB'),
('b16', '201902', 0, '0.00', '2019-04-01', 'RB'),
('b16', '201903', 11, '0.00', '2019-05-01', 'RB'),
('b16', '201904', 9, '0.00', '2019-06-01', 'RB'),
('b16', '201905', 0, '0.00', '2019-07-05', 'RB'),
('b16', '201906', 4, '0.00', '2019-08-01', 'RB'),
('b16', '201907', 5, '0.00', '2019-09-04', 'RB'),
('b16', '201908', 3, '0.00', '2019-10-03', 'RB'),
('b16', '201909', 6, '0.00', '2019-11-01', 'RB'),
('b16', '201910', 8, '0.00', '2019-12-06', 'RB'),
('b16', '201911', 9, '0.00', '2020-01-06', 'RB'),
('b16', '201912', 4, '0.00', '2020-02-02', 'RB'),
('b16', '202001', 5, '0.00', '2020-03-06', 'RB'),
('b16', '202002', 0, '0.00', '2020-04-06', 'RB'),
('b16', '202003', 11, '0.00', '2020-05-05', 'RB'),
('b16', '202004', 12, '0.00', '2020-06-01', 'RB'),
('b16', '202005', 12, '0.00', '2020-07-02', 'RB'),
('b16', '202006', 8, '0.00', '2020-08-02', 'RB'),
('b16', '202007', 8, '0.00', '2020-09-03', 'RB'),
('b16', '202008', 6, '0.00', '2020-10-03', 'RB'),
('b16', '202009', 6, '0.00', '2020-11-08', 'RB'),
('b16', '202010', 12, '0.00', '2020-12-01', 'RB'),
('b16', '202011', 8, '0.00', '2021-01-05', 'RB'),
('b16', '202012', 5, '0.00', '2021-02-02', 'RB'),
('b16', '202101', 5, '0.00', '2021-03-02', 'RB'),
('b16', '202102', 4, '0.00', '2021-03-04', 'VA'),
('b16', '202103', 11, '0.00', '2021-04-06', 'CL'),
('b19', '201609', 3, '0.00', '2016-11-03', 'RB'),
('b19', '201610', 10, '0.00', '2016-12-03', 'RB'),
('b19', '201611', 11, '0.00', '2017-01-04', 'RB'),
('b19', '201612', 10, '0.00', '2017-02-05', 'RB'),
('b19', '201701', 0, '0.00', '2017-03-05', 'RB'),
('b19', '201702', 5, '0.00', '2017-04-04', 'RB'),
('b19', '201703', 2, '0.00', '2017-05-03', 'RB'),
('b19', '201704', 6, '0.00', '2017-06-01', 'RB'),
('b19', '201705', 10, '0.00', '2017-07-03', 'RB'),
('b19', '201706', 11, '0.00', '2017-08-01', 'RB'),
('b19', '201707', 1, '0.00', '2017-09-07', 'RB'),
('b19', '201708', 7, '0.00', '2017-10-01', 'RB'),
('b19', '201709', 0, '0.00', '2017-11-06', 'RB'),
('b19', '201710', 4, '0.00', '2017-12-01', 'RB'),
('b19', '201711', 6, '0.00', '2018-01-08', 'RB'),
('b19', '201712', 8, '0.00', '2018-02-02', 'RB'),
('b19', '201801', 3, '0.00', '2018-03-02', 'RB'),
('b19', '201802', 8, '0.00', '2018-04-05', 'RB'),
('b19', '201803', 12, '0.00', '2018-05-08', 'RB'),
('b19', '201804', 12, '0.00', '2018-06-06', 'RB'),
('b19', '201805', 4, '0.00', '2018-07-08', 'RB'),
('b19', '201806', 11, '0.00', '2018-08-06', 'RB'),
('b19', '201807', 10, '0.00', '2018-09-07', 'RB'),
('b19', '201808', 0, '0.00', '2018-10-03', 'RB'),
('b19', '201809', 1, '0.00', '2018-11-01', 'RB'),
('b19', '201810', 2, '0.00', '2018-12-08', 'RB'),
('b19', '201811', 0, '0.00', '2019-01-07', 'RB'),
('b19', '201812', 12, '0.00', '2019-02-02', 'RB'),
('b19', '201901', 12, '0.00', '2019-03-01', 'RB'),
('b19', '201902', 7, '0.00', '2019-04-04', 'RB'),
('b19', '201903', 11, '0.00', '2019-05-06', 'RB'),
('b19', '201904', 0, '0.00', '2019-06-04', 'RB'),
('b19', '201905', 0, '0.00', '2019-07-04', 'RB'),
('b19', '201906', 7, '0.00', '2019-08-05', 'RB'),
('b19', '201907', 7, '0.00', '2019-09-03', 'RB'),
('b19', '201908', 7, '0.00', '2019-10-01', 'RB'),
('b19', '201909', 10, '0.00', '2019-11-01', 'RB'),
('b19', '201910', 7, '0.00', '2019-12-03', 'RB'),
('b19', '201911', 9, '0.00', '2020-01-05', 'RB'),
('b19', '201912', 3, '0.00', '2020-02-05', 'RB'),
('b19', '202001', 4, '0.00', '2020-03-05', 'RB'),
('b19', '202002', 0, '0.00', '2020-04-02', 'RB'),
('b19', '202003', 4, '0.00', '2020-05-01', 'RB'),
('b19', '202004', 11, '0.00', '2020-06-01', 'RB'),
('b19', '202005', 10, '0.00', '2020-07-03', 'RB'),
('b19', '202006', 1, '0.00', '2020-08-06', 'RB'),
('b19', '202007', 1, '0.00', '2020-09-02', 'RB'),
('b19', '202008', 12, '0.00', '2020-10-06', 'RB'),
('b19', '202009', 11, '0.00', '2020-11-08', 'RB'),
('b19', '202010', 4, '0.00', '2020-12-08', 'RB'),
('b19', '202011', 9, '0.00', '2021-01-02', 'RB'),
('b19', '202012', 8, '0.00', '2021-02-02', 'RB'),
('b19', '202101', 5, '0.00', '2021-03-07', 'RB'),
('b19', '202102', 1, '0.00', '2021-03-04', 'VA'),
('b19', '202103', 5, '0.00', '2021-04-06', 'CL'),
('b25', '201609', 1, '0.00', '2016-11-01', 'RB'),
('b25', '201610', 10, '0.00', '2016-12-08', 'RB'),
('b25', '201611', 8, '0.00', '2017-01-08', 'RB'),
('b25', '201612', 9, '0.00', '2017-02-04', 'RB'),
('b25', '201701', 3, '0.00', '2017-03-04', 'RB'),
('b25', '201702', 2, '0.00', '2017-04-02', 'RB'),
('b25', '201703', 9, '0.00', '2017-05-01', 'RB'),
('b25', '201704', 8, '0.00', '2017-06-03', 'RB'),
('b25', '201705', 4, '0.00', '2017-07-01', 'RB'),
('b25', '201706', 1, '0.00', '2017-08-06', 'RB'),
('b25', '201707', 0, '0.00', '2017-09-05', 'RB'),
('b25', '201708', 8, '0.00', '2017-10-04', 'RB'),
('b25', '201709', 10, '0.00', '2017-11-08', 'RB'),
('b25', '201710', 2, '0.00', '2017-12-04', 'RB'),
('b25', '201711', 1, '0.00', '2018-01-03', 'RB'),
('b25', '201712', 10, '0.00', '2018-02-02', 'RB'),
('b25', '201801', 6, '0.00', '2018-03-02', 'RB'),
('b25', '201802', 5, '0.00', '2018-04-07', 'RB'),
('b25', '201803', 6, '0.00', '2018-05-03', 'RB'),
('b25', '201804', 1, '0.00', '2018-06-08', 'RB'),
('b25', '201805', 9, '0.00', '2018-07-05', 'RB'),
('b25', '201806', 7, '0.00', '2018-08-07', 'RB'),
('b25', '201807', 0, '0.00', '2018-09-08', 'RB'),
('b25', '201808', 6, '0.00', '2018-10-07', 'RB'),
('b25', '201809', 11, '0.00', '2018-11-04', 'RB'),
('b25', '201810', 5, '0.00', '2018-12-03', 'RB'),
('b25', '201811', 6, '0.00', '2019-01-01', 'RB'),
('b25', '201812', 8, '0.00', '2019-02-04', 'RB'),
('b25', '201901', 5, '0.00', '2019-03-07', 'RB'),
('b25', '201902', 12, '0.00', '2019-04-07', 'RB'),
('b25', '201903', 6, '0.00', '2019-05-08', 'RB'),
('b25', '201904', 0, '0.00', '2019-06-01', 'RB'),
('b25', '201905', 9, '0.00', '2019-07-05', 'RB'),
('b25', '201906', 9, '0.00', '2019-08-03', 'RB'),
('b25', '201907', 10, '0.00', '2019-09-02', 'RB'),
('b25', '201908', 9, '0.00', '2019-10-01', 'RB'),
('b25', '201909', 9, '0.00', '2019-11-07', 'RB'),
('b25', '201910', 3, '0.00', '2019-12-06', 'RB'),
('b25', '201911', 12, '0.00', '2020-01-01', 'RB'),
('b25', '201912', 6, '0.00', '2020-02-02', 'RB'),
('b25', '202001', 11, '0.00', '2020-03-07', 'RB'),
('b25', '202002', 0, '0.00', '2020-04-04', 'RB'),
('b25', '202003', 12, '0.00', '2020-05-04', 'RB'),
('b25', '202004', 1, '0.00', '2020-06-04', 'RB'),
('b25', '202005', 12, '0.00', '2020-07-06', 'RB'),
('b25', '202006', 12, '0.00', '2020-08-01', 'RB'),
('b25', '202007', 9, '0.00', '2020-09-02', 'RB'),
('b25', '202008', 3, '0.00', '2020-10-03', 'RB'),
('b25', '202009', 8, '0.00', '2020-11-05', 'RB'),
('b25', '202010', 8, '0.00', '2020-12-01', 'RB'),
('b25', '202011', 7, '0.00', '2021-01-03', 'RB'),
('b25', '202012', 7, '0.00', '2021-02-02', 'RB'),
('b25', '202101', 6, '0.00', '2021-03-05', 'RB'),
('b25', '202102', 11, '0.00', '2021-03-04', 'VA'),
('b25', '202103', 10, '0.00', '2021-04-06', 'CL'),
('b28', '201609', 6, '0.00', '2016-11-01', 'RB'),
('b28', '201610', 2, '0.00', '2016-12-01', 'RB'),
('b28', '201611', 5, '0.00', '2017-01-05', 'RB'),
('b28', '201612', 3, '0.00', '2017-02-02', 'RB'),
('b28', '201701', 3, '0.00', '2017-03-01', 'RB'),
('b28', '201702', 5, '0.00', '2017-04-05', 'RB'),
('b28', '201703', 0, '0.00', '2017-05-04', 'RB'),
('b28', '201704', 10, '0.00', '2017-06-03', 'RB'),
('b28', '201705', 8, '0.00', '2017-07-05', 'RB'),
('b28', '201706', 5, '0.00', '2017-08-06', 'RB'),
('b28', '201707', 10, '0.00', '2017-09-07', 'RB'),
('b28', '201708', 3, '0.00', '2017-10-05', 'RB'),
('b28', '201709', 4, '0.00', '2017-11-07', 'RB'),
('b28', '201710', 1, '0.00', '2017-12-03', 'RB'),
('b28', '201711', 10, '0.00', '2018-01-07', 'RB'),
('b28', '201712', 8, '0.00', '2018-02-04', 'RB'),
('b28', '201801', 3, '0.00', '2018-03-06', 'RB'),
('b28', '201802', 1, '0.00', '2018-04-07', 'RB'),
('b28', '201803', 0, '0.00', '2018-05-03', 'RB'),
('b28', '201804', 0, '0.00', '2018-06-01', 'RB'),
('b28', '201805', 4, '0.00', '2018-07-01', 'RB'),
('b28', '201806', 10, '0.00', '2018-08-06', 'RB'),
('b28', '201807', 9, '0.00', '2018-09-08', 'RB'),
('b28', '201808', 9, '0.00', '2018-10-05', 'RB'),
('b28', '201809', 2, '0.00', '2018-11-05', 'RB'),
('b28', '201810', 1, '0.00', '2018-12-04', 'RB'),
('b28', '201811', 6, '0.00', '2019-01-08', 'RB'),
('b28', '201812', 12, '0.00', '2019-02-08', 'RB'),
('b28', '201901', 3, '0.00', '2019-03-05', 'RB'),
('b28', '201902', 2, '0.00', '2019-04-03', 'RB'),
('b28', '201903', 12, '0.00', '2019-05-07', 'RB'),
('b28', '201904', 12, '0.00', '2019-06-05', 'RB'),
('b28', '201905', 2, '0.00', '2019-07-07', 'RB'),
('b28', '201906', 2, '0.00', '2019-08-03', 'RB'),
('b28', '201907', 11, '0.00', '2019-09-08', 'RB'),
('b28', '201908', 12, '0.00', '2019-10-07', 'RB'),
('b28', '201909', 4, '0.00', '2019-11-04', 'RB'),
('b28', '201910', 2, '0.00', '2019-12-05', 'RB'),
('b28', '201911', 1, '0.00', '2020-01-08', 'RB'),
('b28', '201912', 1, '0.00', '2020-02-07', 'RB'),
('b28', '202001', 10, '0.00', '2020-03-02', 'RB'),
('b28', '202002', 12, '0.00', '2020-04-07', 'RB'),
('b28', '202003', 8, '0.00', '2020-05-07', 'RB'),
('b28', '202004', 5, '0.00', '2020-06-06', 'RB'),
('b28', '202005', 4, '0.00', '2020-07-05', 'RB'),
('b28', '202006', 5, '0.00', '2020-08-04', 'RB'),
('b28', '202007', 2, '0.00', '2020-09-05', 'RB'),
('b28', '202008', 2, '0.00', '2020-10-07', 'RB'),
('b28', '202009', 6, '0.00', '2020-11-02', 'RB'),
('b28', '202010', 7, '0.00', '2020-12-03', 'RB'),
('b28', '202011', 4, '0.00', '2021-01-01', 'RB'),
('b28', '202012', 11, '0.00', '2021-02-07', 'RB'),
('b28', '202101', 9, '0.00', '2021-03-08', 'RB'),
('b28', '202102', 2, '0.00', '2021-03-06', 'VA'),
('b28', '202103', 4, '0.00', '2021-04-06', 'CL'),
('b34', '201609', 11, '0.00', '2016-11-04', 'RB'),
('b34', '201610', 10, '0.00', '2016-12-04', 'RB'),
('b34', '201611', 2, '0.00', '2017-01-08', 'RB'),
('b34', '201612', 4, '0.00', '2017-02-04', 'RB'),
('b34', '201701', 3, '0.00', '2017-03-06', 'RB'),
('b34', '201702', 10, '0.00', '2017-04-06', 'RB'),
('b34', '201703', 11, '0.00', '2017-05-08', 'RB'),
('b34', '201704', 5, '0.00', '2017-06-01', 'RB'),
('b34', '201705', 6, '0.00', '2017-07-01', 'RB'),
('b34', '201706', 9, '0.00', '2017-08-01', 'RB'),
('b34', '201707', 9, '0.00', '2017-09-04', 'RB'),
('b34', '201708', 7, '0.00', '2017-10-02', 'RB'),
('b34', '201709', 6, '0.00', '2017-11-07', 'RB'),
('b34', '201710', 9, '0.00', '2017-12-06', 'RB'),
('b34', '201711', 12, '0.00', '2018-01-04', 'RB'),
('b34', '201712', 11, '0.00', '2018-02-08', 'RB'),
('b34', '201801', 3, '0.00', '2018-03-08', 'RB'),
('b34', '201802', 2, '0.00', '2018-04-06', 'RB'),
('b34', '201803', 11, '0.00', '2018-05-03', 'RB'),
('b34', '201804', 10, '0.00', '2018-06-04', 'RB'),
('b34', '201805', 9, '0.00', '2018-07-02', 'RB'),
('b34', '201806', 0, '0.00', '2018-08-04', 'RB'),
('b34', '201807', 5, '0.00', '2018-09-03', 'RB'),
('b34', '201808', 7, '0.00', '2018-10-08', 'RB'),
('b34', '201809', 11, '0.00', '2018-11-04', 'RB'),
('b34', '201810', 6, '0.00', '2018-12-01', 'RB'),
('b34', '201811', 4, '0.00', '2019-01-01', 'RB'),
('b34', '201812', 11, '0.00', '2019-02-04', 'RB'),
('b34', '201901', 11, '0.00', '2019-03-07', 'RB'),
('b34', '201902', 0, '0.00', '2019-04-08', 'RB'),
('b34', '201903', 8, '0.00', '2019-05-05', 'RB'),
('b34', '201904', 9, '0.00', '2019-06-04', 'RB'),
('b34', '201905', 1, '0.00', '2019-07-07', 'RB'),
('b34', '201906', 5, '0.00', '2019-08-03', 'RB'),
('b34', '201907', 7, '0.00', '2019-09-05', 'RB'),
('b34', '201908', 9, '0.00', '2019-10-07', 'RB'),
('b34', '201909', 12, '0.00', '2019-11-06', 'RB'),
('b34', '201910', 6, '0.00', '2019-12-05', 'RB'),
('b34', '201911', 3, '0.00', '2020-01-01', 'RB'),
('b34', '201912', 2, '0.00', '2020-02-03', 'RB'),
('b34', '202001', 1, '0.00', '2020-03-05', 'RB'),
('b34', '202002', 1, '0.00', '2020-04-02', 'RB'),
('b34', '202003', 11, '0.00', '2020-05-02', 'RB'),
('b34', '202004', 10, '0.00', '2020-06-08', 'RB'),
('b34', '202005', 1, '0.00', '2020-07-01', 'RB'),
('b34', '202006', 10, '0.00', '2020-08-04', 'RB'),
('b34', '202007', 3, '0.00', '2020-09-04', 'RB'),
('b34', '202008', 8, '0.00', '2020-10-05', 'RB'),
('b34', '202009', 3, '0.00', '2020-11-04', 'RB'),
('b34', '202010', 1, '0.00', '2020-12-03', 'RB'),
('b34', '202011', 8, '0.00', '2021-01-08', 'RB'),
('b34', '202012', 7, '0.00', '2021-02-03', 'RB'),
('b34', '202101', 8, '0.00', '2021-03-01', 'RB'),
('b34', '202102', 10, '0.00', '2021-03-08', 'VA'),
('b34', '202103', 6, '0.00', '2021-04-06', 'CL'),
('b4', '201609', 7, '0.00', '2016-11-05', 'RB'),
('b4', '201610', 0, '0.00', '2016-12-04', 'RB'),
('b4', '201611', 7, '0.00', '2017-01-01', 'RB'),
('b4', '201612', 12, '0.00', '2017-02-04', 'RB'),
('b4', '201701', 5, '0.00', '2017-03-06', 'RB'),
('b4', '201702', 12, '0.00', '2017-04-05', 'RB'),
('b4', '201703', 1, '0.00', '2017-05-01', 'RB'),
('b4', '201704', 10, '0.00', '2017-06-08', 'RB'),
('b4', '201705', 1, '0.00', '2017-07-03', 'RB'),
('b4', '201706', 9, '0.00', '2017-08-02', 'RB'),
('b4', '201707', 9, '0.00', '2017-09-02', 'RB'),
('b4', '201708', 8, '0.00', '2017-10-07', 'RB'),
('b4', '201709', 6, '0.00', '2017-11-08', 'RB'),
('b4', '201710', 12, '0.00', '2017-12-04', 'RB'),
('b4', '201711', 10, '0.00', '2018-01-03', 'RB'),
('b4', '201712', 0, '0.00', '2018-02-01', 'RB'),
('b4', '201801', 0, '0.00', '2018-03-08', 'RB'),
('b4', '201802', 2, '0.00', '2018-04-02', 'RB'),
('b4', '201803', 3, '0.00', '2018-05-08', 'RB'),
('b4', '201804', 5, '0.00', '2018-06-02', 'RB'),
('b4', '201805', 5, '0.00', '2018-07-02', 'RB'),
('b4', '201806', 4, '0.00', '2018-08-02', 'RB'),
('b4', '201807', 8, '0.00', '2018-09-02', 'RB'),
('b4', '201808', 12, '0.00', '2018-10-03', 'RB'),
('b4', '201809', 4, '0.00', '2018-11-03', 'RB'),
('b4', '201810', 8, '0.00', '2018-12-08', 'RB'),
('b4', '201811', 12, '0.00', '2019-01-03', 'RB'),
('b4', '201812', 8, '0.00', '2019-02-05', 'RB'),
('b4', '201901', 6, '0.00', '2019-03-07', 'RB'),
('b4', '201902', 9, '0.00', '2019-04-07', 'RB'),
('b4', '201903', 7, '0.00', '2019-05-02', 'RB'),
('b4', '201904', 12, '0.00', '2019-06-06', 'RB'),
('b4', '201905', 5, '0.00', '2019-07-04', 'RB'),
('b4', '201906', 5, '0.00', '2019-08-03', 'RB'),
('b4', '201907', 1, '0.00', '2019-09-03', 'RB'),
('b4', '201908', 2, '0.00', '2019-10-02', 'RB'),
('b4', '201909', 7, '0.00', '2019-11-05', 'RB'),
('b4', '201910', 5, '0.00', '2019-12-02', 'RB'),
('b4', '201911', 7, '0.00', '2020-01-06', 'RB'),
('b4', '201912', 9, '0.00', '2020-02-08', 'RB'),
('b4', '202001', 2, '0.00', '2020-03-01', 'RB'),
('b4', '202002', 1, '0.00', '2020-04-01', 'RB'),
('b4', '202003', 1, '0.00', '2020-05-07', 'RB'),
('b4', '202004', 0, '0.00', '2020-06-04', 'RB'),
('b4', '202005', 0, '0.00', '2020-07-02', 'RB'),
('b4', '202006', 9, '0.00', '2020-08-03', 'RB'),
('b4', '202007', 2, '0.00', '2020-09-04', 'RB'),
('b4', '202008', 1, '0.00', '2020-10-07', 'RB'),
('b4', '202009', 5, '0.00', '2020-11-06', 'RB'),
('b4', '202010', 5, '0.00', '2020-12-05', 'RB'),
('b4', '202011', 7, '0.00', '2021-01-04', 'RB'),
('b4', '202012', 12, '0.00', '2021-02-04', 'RB'),
('b4', '202101', 8, '0.00', '2021-03-06', 'RB'),
('b4', '202102', 10, '0.00', '2021-03-03', 'VA'),
('b4', '202103', 9, '0.00', '2021-04-06', 'CL'),
('b50', '201609', 0, '0.00', '2016-11-01', 'RB'),
('b50', '201610', 8, '0.00', '2016-12-08', 'RB'),
('b50', '201611', 0, '0.00', '2017-01-02', 'RB'),
('b50', '201612', 2, '0.00', '2017-02-03', 'RB'),
('b50', '201701', 0, '0.00', '2017-03-07', 'RB'),
('b50', '201702', 10, '0.00', '2017-04-05', 'RB'),
('b50', '201703', 7, '0.00', '2017-05-05', 'RB'),
('b50', '201704', 10, '0.00', '2017-06-01', 'RB'),
('b50', '201705', 7, '0.00', '2017-07-07', 'RB'),
('b50', '201706', 11, '0.00', '2017-08-01', 'RB'),
('b50', '201707', 1, '0.00', '2017-09-01', 'RB'),
('b50', '201708', 7, '0.00', '2017-10-05', 'RB'),
('b50', '201709', 8, '0.00', '2017-11-08', 'RB'),
('b50', '201710', 5, '0.00', '2017-12-06', 'RB'),
('b50', '201711', 10, '0.00', '2018-01-06', 'RB'),
('b50', '201712', 0, '0.00', '2018-02-06', 'RB'),
('b50', '201801', 3, '0.00', '2018-03-01', 'RB'),
('b50', '201802', 1, '0.00', '2018-04-06', 'RB'),
('b50', '201803', 12, '0.00', '2018-05-06', 'RB'),
('b50', '201804', 8, '0.00', '2018-06-02', 'RB'),
('b50', '201805', 8, '0.00', '2018-07-08', 'RB'),
('b50', '201806', 9, '0.00', '2018-08-02', 'RB'),
('b50', '201807', 5, '0.00', '2018-09-05', 'RB'),
('b50', '201808', 3, '0.00', '2018-10-01', 'RB'),
('b50', '201809', 10, '0.00', '2018-11-01', 'RB'),
('b50', '201810', 11, '0.00', '2018-12-07', 'RB'),
('b50', '201811', 9, '0.00', '2019-01-01', 'RB'),
('b50', '201812', 12, '0.00', '2019-02-05', 'RB'),
('b50', '201901', 10, '0.00', '2019-03-01', 'RB'),
('b50', '201902', 12, '0.00', '2019-04-08', 'RB'),
('b50', '201903', 8, '0.00', '2019-05-03', 'RB'),
('b50', '201904', 12, '0.00', '2019-06-04', 'RB'),
('b50', '201905', 11, '0.00', '2019-07-04', 'RB'),
('b50', '201906', 8, '0.00', '2019-08-05', 'RB'),
('b50', '201907', 6, '0.00', '2019-09-01', 'RB'),
('b50', '201908', 2, '0.00', '2019-10-07', 'RB'),
('b50', '201909', 0, '0.00', '2019-11-05', 'RB'),
('b50', '201910', 4, '0.00', '2019-12-08', 'RB'),
('b50', '201911', 10, '0.00', '2020-01-05', 'RB'),
('b50', '201912', 8, '0.00', '2020-02-03', 'RB'),
('b50', '202001', 0, '0.00', '2020-03-01', 'RB'),
('b50', '202002', 7, '0.00', '2020-04-07', 'RB'),
('b50', '202003', 3, '0.00', '2020-05-04', 'RB'),
('b50', '202004', 7, '0.00', '2020-06-08', 'RB'),
('b50', '202005', 9, '0.00', '2020-07-01', 'RB'),
('b50', '202006', 4, '0.00', '2020-08-02', 'RB'),
('b50', '202007', 8, '0.00', '2020-09-07', 'RB'),
('b50', '202008', 8, '0.00', '2020-10-04', 'RB'),
('b50', '202009', 5, '0.00', '2020-11-01', 'RB'),
('b50', '202010', 11, '0.00', '2020-12-05', 'RB'),
('b50', '202011', 1, '0.00', '2021-01-08', 'RB'),
('b50', '202012', 10, '0.00', '2021-02-02', 'RB'),
('b50', '202101', 0, '0.00', '2021-03-02', 'RB'),
('b50', '202102', 1, '0.00', '2021-03-06', 'VA'),
('b50', '202103', 9, '0.00', '2021-04-06', 'CL'),
('b59', '201609', 5, '0.00', '2016-11-05', 'RB'),
('b59', '201610', 10, '0.00', '2016-12-08', 'RB'),
('b59', '201611', 1, '0.00', '2017-01-05', 'RB'),
('b59', '201612', 7, '0.00', '2017-02-02', 'RB'),
('b59', '201701', 2, '0.00', '2017-03-05', 'RB'),
('b59', '201702', 12, '0.00', '2017-04-07', 'RB'),
('b59', '201703', 2, '0.00', '2017-05-04', 'RB'),
('b59', '201704', 1, '0.00', '2017-06-03', 'RB'),
('b59', '201705', 3, '0.00', '2017-07-05', 'RB'),
('b59', '201706', 0, '0.00', '2017-08-06', 'RB'),
('b59', '201707', 10, '0.00', '2017-09-08', 'RB'),
('b59', '201708', 9, '0.00', '2017-10-03', 'RB'),
('b59', '201709', 4, '0.00', '2017-11-01', 'RB'),
('b59', '201710', 4, '0.00', '2017-12-04', 'RB'),
('b59', '201711', 4, '0.00', '2018-01-03', 'RB'),
('b59', '201712', 8, '0.00', '2018-02-02', 'RB'),
('b59', '201801', 7, '0.00', '2018-03-04', 'RB'),
('b59', '201802', 4, '0.00', '2018-04-03', 'RB'),
('b59', '201803', 0, '0.00', '2018-05-02', 'RB'),
('b59', '201804', 1, '0.00', '2018-06-07', 'RB'),
('b59', '201805', 6, '0.00', '2018-07-07', 'RB'),
('b59', '201806', 4, '0.00', '2018-08-06', 'RB'),
('b59', '201807', 10, '0.00', '2018-09-02', 'RB'),
('b59', '201808', 10, '0.00', '2018-10-07', 'RB'),
('b59', '201809', 5, '0.00', '2018-11-05', 'RB'),
('b59', '201810', 2, '0.00', '2018-12-04', 'RB'),
('b59', '201811', 9, '0.00', '2019-01-02', 'RB'),
('b59', '201812', 4, '0.00', '2019-02-01', 'RB'),
('b59', '201901', 4, '0.00', '2019-03-02', 'RB'),
('b59', '201902', 6, '0.00', '2019-04-06', 'RB'),
('b59', '201903', 0, '0.00', '2019-05-07', 'RB'),
('b59', '201904', 1, '0.00', '2019-06-02', 'RB'),
('b59', '201905', 0, '0.00', '2019-07-06', 'RB'),
('b59', '201906', 6, '0.00', '2019-08-08', 'RB'),
('b59', '201907', 3, '0.00', '2019-09-03', 'RB'),
('b59', '201908', 6, '0.00', '2019-10-08', 'RB'),
('b59', '201909', 6, '0.00', '2019-11-03', 'RB'),
('b59', '201910', 4, '0.00', '2019-12-07', 'RB'),
('b59', '201911', 11, '0.00', '2020-01-01', 'RB'),
('b59', '201912', 4, '0.00', '2020-02-02', 'RB'),
('b59', '202001', 11, '0.00', '2020-03-06', 'RB'),
('b59', '202002', 0, '0.00', '2020-04-07', 'RB'),
('b59', '202003', 5, '0.00', '2020-05-04', 'RB'),
('b59', '202004', 5, '0.00', '2020-06-07', 'RB'),
('b59', '202005', 8, '0.00', '2020-07-01', 'RB'),
('b59', '202006', 6, '0.00', '2020-08-02', 'RB'),
('b59', '202007', 9, '0.00', '2020-09-04', 'RB'),
('b59', '202008', 5, '0.00', '2020-10-05', 'RB'),
('b59', '202009', 7, '0.00', '2020-11-03', 'RB'),
('b59', '202010', 0, '0.00', '2020-12-02', 'RB'),
('b59', '202011', 0, '0.00', '2021-01-03', 'RB'),
('b59', '202012', 10, '0.00', '2021-02-03', 'RB'),
('b59', '202101', 12, '0.00', '2021-03-07', 'RB'),
('b59', '202102', 7, '0.00', '2021-03-04', 'VA'),
('b59', '202103', 7, '0.00', '2021-04-06', 'CL'),
('c14', '201609', 12, '0.00', '2016-11-07', 'RB'),
('c14', '201610', 7, '0.00', '2016-12-06', 'RB'),
('c14', '201611', 4, '0.00', '2017-01-02', 'RB'),
('c14', '201612', 10, '0.00', '2017-02-06', 'RB'),
('c14', '201701', 4, '0.00', '2017-03-02', 'RB'),
('c14', '201702', 12, '0.00', '2017-04-08', 'RB'),
('c14', '201703', 11, '0.00', '2017-05-07', 'RB'),
('c14', '201704', 1, '0.00', '2017-06-07', 'RB'),
('c14', '201705', 1, '0.00', '2017-07-08', 'RB'),
('c14', '201706', 7, '0.00', '2017-08-03', 'RB'),
('c14', '201707', 0, '0.00', '2017-09-07', 'RB'),
('c14', '201708', 2, '0.00', '2017-10-03', 'RB'),
('c14', '201709', 6, '0.00', '2017-11-02', 'RB'),
('c14', '201710', 2, '0.00', '2017-12-06', 'RB'),
('c14', '201711', 2, '0.00', '2018-01-08', 'RB'),
('c14', '201712', 0, '0.00', '2018-02-08', 'RB'),
('c14', '201801', 0, '0.00', '2018-03-03', 'RB'),
('c14', '201802', 5, '0.00', '2018-04-04', 'RB'),
('c14', '201803', 3, '0.00', '2018-05-03', 'RB'),
('c14', '201804', 11, '0.00', '2018-06-08', 'RB'),
('c14', '201805', 12, '0.00', '2018-07-05', 'RB'),
('c14', '201806', 6, '0.00', '2018-08-02', 'RB'),
('c14', '201807', 3, '0.00', '2018-09-06', 'RB'),
('c14', '201808', 11, '0.00', '2018-10-07', 'RB'),
('c14', '201809', 10, '0.00', '2018-11-04', 'RB'),
('c14', '201810', 7, '0.00', '2018-12-02', 'RB'),
('c14', '201811', 7, '0.00', '2019-01-07', 'RB'),
('c14', '201812', 7, '0.00', '2019-02-07', 'RB'),
('c14', '201901', 5, '0.00', '2019-03-04', 'RB'),
('c14', '201902', 2, '0.00', '2019-04-02', 'RB'),
('c14', '201903', 7, '0.00', '2019-05-08', 'RB'),
('c14', '201904', 1, '0.00', '2019-06-04', 'RB'),
('c14', '201905', 3, '0.00', '2019-07-05', 'RB'),
('c14', '201906', 4, '0.00', '2019-08-02', 'RB'),
('c14', '201907', 10, '0.00', '2019-09-05', 'RB'),
('c14', '201908', 0, '0.00', '2019-10-07', 'RB'),
('c14', '201909', 5, '0.00', '2019-11-05', 'RB'),
('c14', '201910', 0, '0.00', '2019-12-01', 'RB'),
('c14', '201911', 11, '0.00', '2020-01-02', 'RB'),
('c14', '201912', 2, '0.00', '2020-02-03', 'RB'),
('c14', '202001', 0, '0.00', '2020-03-03', 'RB'),
('c14', '202002', 6, '0.00', '2020-04-03', 'RB'),
('c14', '202003', 4, '0.00', '2020-05-01', 'RB'),
('c14', '202004', 10, '0.00', '2020-06-03', 'RB'),
('c14', '202005', 7, '0.00', '2020-07-02', 'RB'),
('c14', '202006', 7, '0.00', '2020-08-01', 'RB'),
('c14', '202007', 6, '0.00', '2020-09-08', 'RB'),
('c14', '202008', 10, '0.00', '2020-10-03', 'RB'),
('c14', '202009', 4, '0.00', '2020-11-08', 'RB'),
('c14', '202010', 4, '0.00', '2020-12-04', 'RB'),
('c14', '202011', 7, '0.00', '2021-01-03', 'RB'),
('c14', '202012', 4, '0.00', '2021-02-03', 'RB'),
('c14', '202101', 5, '0.00', '2021-03-08', 'RB'),
('c14', '202102', 11, '0.00', '2021-03-08', 'VA'),
('c14', '202103', 11, '0.00', '2021-04-06', 'CL'),
('c3', '201609', 11, '0.00', '2016-11-05', 'RB'),
('c3', '201610', 1, '0.00', '2016-12-02', 'RB'),
('c3', '201611', 0, '0.00', '2017-01-06', 'RB'),
('c3', '201612', 4, '0.00', '2017-02-07', 'RB'),
('c3', '201701', 8, '0.00', '2017-03-04', 'RB'),
('c3', '201702', 10, '0.00', '2017-04-01', 'RB'),
('c3', '201703', 9, '0.00', '2017-05-04', 'RB'),
('c3', '201704', 1, '0.00', '2017-06-02', 'RB'),
('c3', '201705', 2, '0.00', '2017-07-02', 'RB'),
('c3', '201706', 1, '0.00', '2017-08-04', 'RB'),
('c3', '201707', 9, '0.00', '2017-09-02', 'RB'),
('c3', '201708', 11, '0.00', '2017-10-06', 'RB'),
('c3', '201709', 10, '0.00', '2017-11-07', 'RB'),
('c3', '201710', 12, '0.00', '2017-12-04', 'RB'),
('c3', '201711', 6, '0.00', '2018-01-01', 'RB'),
('c3', '201712', 6, '0.00', '2018-02-01', 'RB'),
('c3', '201801', 0, '0.00', '2018-03-06', 'RB'),
('c3', '201802', 6, '0.00', '2018-04-08', 'RB'),
('c3', '201803', 3, '0.00', '2018-05-03', 'RB'),
('c3', '201804', 8, '0.00', '2018-06-03', 'RB'),
('c3', '201805', 6, '0.00', '2018-07-02', 'RB'),
('c3', '201806', 11, '0.00', '2018-08-03', 'RB'),
('c3', '201807', 3, '0.00', '2018-09-03', 'RB'),
('c3', '201808', 10, '0.00', '2018-10-08', 'RB'),
('c3', '201809', 9, '0.00', '2018-11-08', 'RB'),
('c3', '201810', 11, '0.00', '2018-12-06', 'RB'),
('c3', '201811', 3, '0.00', '2019-01-02', 'RB'),
('c3', '201812', 10, '0.00', '2019-02-08', 'RB'),
('c3', '201901', 1, '0.00', '2019-03-01', 'RB'),
('c3', '201902', 5, '0.00', '2019-04-05', 'RB'),
('c3', '201903', 0, '0.00', '2019-05-07', 'RB'),
('c3', '201904', 3, '0.00', '2019-06-06', 'RB'),
('c3', '201905', 8, '0.00', '2019-07-08', 'RB'),
('c3', '201906', 5, '0.00', '2019-08-02', 'RB'),
('c3', '201907', 8, '0.00', '2019-09-02', 'RB'),
('c3', '201908', 3, '0.00', '2019-10-05', 'RB'),
('c3', '201909', 12, '0.00', '2019-11-04', 'RB'),
('c3', '201910', 1, '0.00', '2019-12-05', 'RB'),
('c3', '201911', 12, '0.00', '2020-01-01', 'RB'),
('c3', '201912', 5, '0.00', '2020-02-02', 'RB'),
('c3', '202001', 1, '0.00', '2020-03-06', 'RB'),
('c3', '202002', 2, '0.00', '2020-04-08', 'RB'),
('c3', '202003', 1, '0.00', '2020-05-08', 'RB'),
('c3', '202004', 2, '0.00', '2020-06-05', 'RB'),
('c3', '202005', 6, '0.00', '2020-07-03', 'RB'),
('c3', '202006', 4, '0.00', '2020-08-05', 'RB'),
('c3', '202007', 9, '0.00', '2020-09-08', 'RB'),
('c3', '202008', 0, '0.00', '2020-10-04', 'RB'),
('c3', '202009', 10, '0.00', '2020-11-01', 'RB'),
('c3', '202010', 6, '0.00', '2020-12-06', 'RB'),
('c3', '202011', 7, '0.00', '2021-01-03', 'RB'),
('c3', '202012', 12, '0.00', '2021-02-03', 'RB'),
('c3', '202101', 8, '0.00', '2021-03-01', 'RB'),
('c3', '202102', 1, '0.00', '2021-03-01', 'VA'),
('c3', '202103', 4, '0.00', '2021-04-06', 'CL'),
('c54', '202009', 4, '0.00', '2020-11-03', 'RB'),
('c54', '202010', 0, '0.00', '2020-12-03', 'RB'),
('c54', '202011', 3, '0.00', '2021-01-03', 'RB'),
('c54', '202012', 4, '0.00', '2021-02-01', 'RB'),
('c54', '202101', 7, '0.00', '2021-03-05', 'RB'),
('c54', '202102', 5, '0.00', '2021-03-04', 'VA'),
('c54', '202103', 0, '0.00', '2021-04-06', 'CL');

-- --------------------------------------------------------

--
-- Structure de la table `fraisforfait`
--

DROP TABLE IF EXISTS `fraisforfait`;
CREATE TABLE IF NOT EXISTS `fraisforfait` (
  `id` char(3) NOT NULL,
  `libelle` char(20) DEFAULT NULL,
  `montant` decimal(5,2) DEFAULT NULL,
  PRIMARY KEY (`id`)
) ENGINE=InnoDB DEFAULT CHARSET=latin1;

--
-- Déchargement des données de la table `fraisforfait`
--

INSERT INTO `fraisforfait` (`id`, `libelle`, `montant`) VALUES
('ETP', 'Forfait Etape', '110.00'),
('KM', 'Frais Kilométrique', '0.62'),
('NUI', 'Nuitée Hôtel', '80.00'),
('REP', 'Repas Restaurant', '25.00');

-- --------------------------------------------------------

--
-- Structure de la table `lignefraisforfait`
--

DROP TABLE IF EXISTS `lignefraisforfait`;
CREATE TABLE IF NOT EXISTS `lignefraisforfait` (
  `idvisiteur` char(4) NOT NULL,
  `mois` char(6) NOT NULL,
  `idfraisforfait` char(3) NOT NULL,
  `quantite` int(11) DEFAULT NULL,
  PRIMARY KEY (`idvisiteur`,`mois`,`idfraisforfait`),
  KEY `idfraisforfait` (`idfraisforfait`)
) ENGINE=InnoDB DEFAULT CHARSET=latin1;

--
-- Déchargement des données de la table `lignefraisforfait`
--

INSERT INTO `lignefraisforfait` (`idvisiteur`, `mois`, `idfraisforfait`, `quantite`) VALUES
('a131', '202104', 'ETP', 23),
('a131', '202104', 'KM', 45),
('a131', '202104', 'NUI', 56),
('a131', '202104', 'REP', 200),
('a17', '202104', 'ETP', 300),
('a17', '202104', 'KM', 5000),
('a17', '202104', 'NUI', 100),
('a17', '202104', 'REP', 54),
('b13', '201808', 'ETP', 10),
('b13', '201808', 'KM', 3),
('b13', '202104', 'ETP', 13),
('b13', '202104', 'KM', 2),
('b13', '202104', 'NUI', 0),
('b13', '202104', 'REP', 4);

-- --------------------------------------------------------

--
-- Structure de la table `lignefraishorsforfait`
--

DROP TABLE IF EXISTS `lignefraishorsforfait`;
CREATE TABLE IF NOT EXISTS `lignefraishorsforfait` (
  `id` int(11) NOT NULL AUTO_INCREMENT,
  `idvisiteur` char(4) NOT NULL,
  `mois` char(6) NOT NULL,
  `libelle` varchar(100) DEFAULT NULL,
  `date` date DEFAULT NULL,
  `montant` decimal(10,2) DEFAULT NULL,
  PRIMARY KEY (`id`),
  KEY `idvisiteur` (`idvisiteur`,`mois`)
) ENGINE=InnoDB AUTO_INCREMENT=7 DEFAULT CHARSET=latin1;

--
-- Déchargement des données de la table `lignefraishorsforfait`
--

INSERT INTO `lignefraishorsforfait` (`id`, `idvisiteur`, `mois`, `libelle`, `date`, `montant`) VALUES
(1, 'b13', '201808', 'Refusé :  hors', '2021-04-05', '100.00'),
(2, 'b13', '202104', 'Reporté : hors2', '2021-04-05', '50.00'),
(3, 'b13', '202104', 'testoikjhdf', '2021-04-05', '50.00'),
(4, 'b13', '201808', 'tes jhfdsfds', '2021-04-05', '100.00'),
(5, 'a17', '202104', 'pain', '2021-03-06', '30.00'),
(6, 'a131', '202104', 'pain', '2021-04-01', '20.00');

-- --------------------------------------------------------

--
-- Structure de la table `visiteur`
--

DROP TABLE IF EXISTS `visiteur`;
CREATE TABLE IF NOT EXISTS `visiteur` (
  `id` char(4) NOT NULL,
  `nom` char(30) DEFAULT NULL,
  `prenom` char(30) DEFAULT NULL,
  `login` char(20) DEFAULT NULL,
  `mdp` char(20) DEFAULT NULL,
  `adresse` char(30) DEFAULT NULL,
  `cp` char(5) DEFAULT NULL,
  `ville` char(30) DEFAULT NULL,
  `dateembauche` date DEFAULT NULL,
  `role` char(3) NOT NULL,
  PRIMARY KEY (`id`)
) ENGINE=InnoDB DEFAULT CHARSET=latin1;

--
-- Déchargement des données de la table `visiteur`
--

INSERT INTO `visiteur` (`id`, `nom`, `prenom`, `login`, `mdp`, `adresse`, `cp`, `ville`, `dateembauche`, `role`) VALUES
('a131', 'Villechalane', 'Louis', 'lvillachane', 'jux7g', '8 rue des Charmes', '46000', 'Cahors', '2005-12-21', 'V'),
('a17', 'Andre', 'David', 'dandre', 'oppg5', '1 rue Petit', '46200', 'Lalbenque', '1998-11-23', 'V'),
('a55', 'Bedos', 'Christian', 'cbedos', 'gmhxd', '1 rue Peranud', '46250', 'Montcuq', '1995-01-12', 'V'),
('a93', 'Tusseau', 'Louis', 'ltusseau', 'ktp3s', '22 rue des Ternes', '46123', 'Gramat', '2000-05-01', 'V'),
('b13', 'Bentot', 'Pascal', 'pbentot', 'doyw1', '11 allée des Cerises', '46512', 'Bessines', '1992-07-09', 'V'),
('b16', 'Bioret', 'Luc', 'lbioret', 'hrjfs', '1 Avenue gambetta', '46000', 'Cahors', '1998-05-11', 'V'),
('b19', 'Bunisset', 'Francis', 'fbunisset', '4vbnd', '10 rue des Perles', '93100', 'Montreuil', '1987-10-21', 'V'),
('b25', 'Bunisset', 'Denise', 'dbunisset', 's1y1r', '23 rue Manin', '75019', 'paris', '2010-12-05', 'V'),
('b28', 'Cacheux', 'Bernard', 'bcacheux', 'uf7r3', '114 rue Blanche', '75017', 'Paris', '2009-11-12', 'V'),
('b34', 'Cadic', 'Eric', 'ecadic', '6u8dc', '123 avenue de la République', '75011', 'Paris', '2008-09-23', 'V'),
('b4', 'Charoze', 'Catherine', 'ccharoze', 'u817o', '100 rue Petit', '75019', 'Paris', '2005-11-12', 'V'),
('b50', 'Clepkens', 'Christophe', 'cclepkens', 'bw1us', '12 allée des Anges', '93230', 'Romainville', '2003-08-11', 'V'),
('b59', 'Cottin', 'Vincenne', 'vcottin', '2hoh9', '36 rue Des Roches', '93100', 'Monteuil', '2001-11-18', 'V'),
('c14', 'Daburon', 'François', 'fdaburon', '7oqpv', '13 rue de Chanzy', '94000', 'Créteil', '2002-02-11', 'V'),
('c3', 'De', 'Philippe', 'pde', 'gk9kx', '13 rue Barthes', '94000', 'Créteil', '2010-12-14', 'V'),
('c54', 'Debelle', 'Michel', 'mdebelle', 'od5rt', '181 avenue Barbusse', '93210', 'Rosny', '2006-11-23', 'V'),
('d13', 'Debelle', 'Jeanne', 'jdebelle', 'nvwqq', '134 allée des Joncs', '44000', 'Nantes', '2000-05-11', 'V'),
('d51', 'Debroise', 'Michel', 'mdebroise', 'sghkb', '2 Bld Jourdain', '44000', 'Nantes', '2001-04-17', 'V'),
('E123', 'Aliouat', 'Yacine', 'vibess', 'vibess', '12 allée des Anges', '44000', 'Nantes', '2001-11-18', 'C'),
('e22', 'Desmarquest', 'Nathalie', 'ndesmarquest', 'f1fob', '14 Place d Arc', '45000', 'Orléans', '2005-11-12', 'V'),
('e24', 'Desnost', 'Pierre', 'pdesnost', '4k2o5', '16 avenue des Cèdres', '23200', 'Guéret', '2001-02-05', 'V'),
('e39', 'Dudouit', 'Frédéric', 'fdudouit', '44im8', '18 rue de l église', '23120', 'GrandBourg', '2000-08-01', 'V'),
('e49', 'Duncombe', 'Claude', 'cduncombe', 'qf77j', '19 rue de la tour', '23100', 'La souteraine', '1987-10-10', 'V'),
('e5', 'Enault-Pascreau', 'Céline', 'cenault', 'y2qdu', '25 place de la gare', '23200', 'Gueret', '1995-09-01', 'V'),
('e52', 'Eynde', 'Valérie', 'veynde', 'i7sn3', '3 Grand Place', '13015', 'Marseille', '1999-11-01', 'V'),
('f21', 'Finck', 'Jacques', 'jfinck', 'mpb3t', '10 avenue du Prado', '13002', 'Marseille', '2001-11-10', 'V'),
('f39', 'Frémont', 'Fernande', 'ffremont', 'xs5tq', '4 route de la mer', '13012', 'Allauh', '1998-10-01', ''),
('f4', 'Gest', 'Alain', 'agest', 'dywvt', '30 avenue de la mer', '13025', 'Berre', '1985-11-01', '');

--
-- Contraintes pour les tables déchargées
--

--
-- Contraintes pour la table `fichefrais`
--
ALTER TABLE `fichefrais`
  ADD CONSTRAINT `fichefrais_ibfk_1` FOREIGN KEY (`idetat`) REFERENCES `etat` (`id`),
  ADD CONSTRAINT `fichefrais_ibfk_2` FOREIGN KEY (`idvisiteur`) REFERENCES `visiteur` (`id`);

--
-- Contraintes pour la table `lignefraisforfait`
--
ALTER TABLE `lignefraisforfait`
  ADD CONSTRAINT `lignefraisforfait_ibfk_1` FOREIGN KEY (`idvisiteur`,`mois`) REFERENCES `fichefrais` (`idvisiteur`, `mois`),
  ADD CONSTRAINT `lignefraisforfait_ibfk_2` FOREIGN KEY (`idfraisforfait`) REFERENCES `fraisforfait` (`id`);

--
-- Contraintes pour la table `lignefraishorsforfait`
--
ALTER TABLE `lignefraishorsforfait`
  ADD CONSTRAINT `lignefraishorsforfait_ibfk_1` FOREIGN KEY (`idvisiteur`,`mois`) REFERENCES `fichefrais` (`idvisiteur`, `mois`);
COMMIT;

/*!40101 SET CHARACTER_SET_CLIENT=@OLD_CHARACTER_SET_CLIENT */;
/*!40101 SET CHARACTER_SET_RESULTS=@OLD_CHARACTER_SET_RESULTS */;
/*!40101 SET COLLATION_CONNECTION=@OLD_COLLATION_CONNECTION */;
